result_format: 4
explain_protocol: 2
drop table if exists t1,t2;
create table t1 (id int primary key, i2 int);
create table t2 (id int primary key, i2 int);
insert/*trace*/ into t1(id) values (75);
insert/*trace*/ into t1(id) values (79);
insert/*trace*/ into t1(id) values (78);
insert/*trace*/ into t1(id) values (77);
insert/*trace*/ into t1(id) values (104);
insert/*trace*/ into t1(id) values (103);
insert/*trace*/ into t1(id) values (102);
insert/*trace*/ into t1(id) values (101);
insert/*trace*/ into t1(id) values (105);
insert/*trace*/ into t1(id) values (106);
insert/*trace*/ into t1(id) values (107);
insert/*trace*/ into t2(id) values (107),(75),(1000);


EXPLAIN select t1.id, t2.id from t1 join t2 on t2.id = t1.id and t1.id>200;
Query Plan
===============================================
|ID|OPERATOR              |NAME|EST. ROWS|COST|
-----------------------------------------------
|0 |NESTED-LOOP JOIN      |    |1        |53  |
|1 | TABLE SCAN           |t1  |1        |46  |
|2 | DISTRIBUTED TABLE GET|t2  |1        |7   |
===============================================

Outputs & filters: 
-------------------------------------
  0 - output([t1.id], [t2.id]), filter(nil), rowset=256, 
      conds(nil), nl_params_([t1.id])
  1 - output([t1.id]), filter(nil), rowset=256, 
      access([t1.id]), partitions(p0)
  2 - output([t2.id]), filter(nil), rowset=256, 
      access([GROUP_ID], [t2.id]), partitions(p0)

select t1.id, t2.id from t1 join t2 on t2.id = t1.id and t1.id>200;
+----+----+
| id | id |
+----+----+
+----+----+

EXPLAIN select t1.id, t2.id from t1 join t2 on t2.id = t1.id and t1.id>200 and t1.id<200;
Query Plan
===============================================
|ID|OPERATOR              |NAME|EST. ROWS|COST|
-----------------------------------------------
|0 |NESTED-LOOP JOIN      |    |1        |53  |
|1 | TABLE SCAN           |t1  |1        |46  |
|2 | DISTRIBUTED TABLE GET|t2  |1        |7   |
===============================================

Outputs & filters: 
-------------------------------------
  0 - output([t1.id], [t2.id]), filter(nil), rowset=256, 
      conds(nil), nl_params_([t1.id])
  1 - output([t1.id]), filter(nil), rowset=256, 
      access([t1.id]), partitions(p0)
  2 - output([t2.id]), filter(nil), rowset=256, 
      access([GROUP_ID], [t2.id]), partitions(p0)

select t1.id, t2.id from t1 join t2 on t2.id = t1.id and t1.id>200 and t1.id<200;
+----+----+
| id | id |
+----+----+
+----+----+

EXPLAIN select a.id , b.id from t1 a join t2 b on a.id = b.id and a.id>200 and a.id<200;
Query Plan
===============================================
|ID|OPERATOR              |NAME|EST. ROWS|COST|
-----------------------------------------------
|0 |NESTED-LOOP JOIN      |    |1        |53  |
|1 | TABLE SCAN           |a   |1        |46  |
|2 | DISTRIBUTED TABLE GET|b   |1        |7   |
===============================================

Outputs & filters: 
-------------------------------------
  0 - output([a.id], [b.id]), filter(nil), rowset=256, 
      conds(nil), nl_params_([a.id])
  1 - output([a.id]), filter(nil), rowset=256, 
      access([a.id]), partitions(p0)
  2 - output([b.id]), filter(nil), rowset=256, 
      access([GROUP_ID], [b.id]), partitions(p0)

select a.id , b.id from t1 a join t2 b on a.id = b.id and a.id>200 and a.id<200;
+----+----+
| id | id |
+----+----+
+----+----+

EXPLAIN select a.id, b.id from t1 a join  t2 b on a.id = a.id and a.id>200 and a.id<200;
Query Plan
===================================================
|ID|OPERATOR                  |NAME|EST. ROWS|COST|
---------------------------------------------------
|0 |NESTED-LOOP JOIN CARTESIAN|    |3        |91  |
|1 | TABLE SCAN               |b   |3        |46  |
|2 | MATERIAL                 |    |1        |46  |
|3 |  TABLE SCAN              |a   |1        |46  |
===================================================

Outputs & filters: 
-------------------------------------
  0 - output([a.id], [b.id]), filter(nil), rowset=256, 
      conds(nil), nl_params_(nil)
  1 - output([b.id]), filter(nil), rowset=256, 
      access([b.id]), partitions(p0)
  2 - output([a.id]), filter(nil), rowset=256
  3 - output([a.id]), filter([a.id = a.id]), rowset=256, 
      access([a.id]), partitions(p0)

select a.id, b.id from t1 a join  t2 b on a.id = a.id and a.id>200 and a.id<200;
+----+----+
| id | id |
+----+----+
+----+----+
drop table t1, t2;
